{"stat.useItem.traverse.red_autumnal_sapling":1,"stat.leaveGame":5,"stat.pickup.extrautils2.redorchid":1,"stat.pickup.mekanismtools.osmiumpickaxe":1,"stat.killEntity.PigZombie":6,"stat.craftItem.minecraft.shield":1,"stat.mineBlock.minecraft.web":3,"stat.craftItem.enderio.item_liquid_conduit":16,"stat.pickup.minecraft.rotten_flesh":15,"stat.pickup.natura.materials":1,"stat.craftItem.minecraft.stone_axe":1,"stat.killEntity.Enderman":3,"stat.useItem.mekanismtools.osmiumpickaxe":1081,"stat.pickup.enderio.item_broken_spawner":3,"stat.craftItem.minecraft.iron_shovel":4,"stat.killEntity.Witch":2,"stat.pickup.quark.tallow":38,"stat.useItem.minecraft.iron_pickaxe":1233,"stat.craftItem.minecraft.wooden_pickaxe":2,"stat.craftItem.enderstorage.ender_storage":2,"stat.useItem.minecraft.iron_shovel":720,"stat.craftItem.minecraft.bed":1,"stat.drop.immersiveengineering.seed":2,"stat.mineBlock.chisel.marble2":5,"stat.pickup.thermalfoundation.material":14,"stat.furnaceInteraction":218,"stat.mineBlock.botania.flower":8,"stat.drop.extrautils2.redorchid":1,"stat.killEntity.ZombieVillager":1,"stat.pickup.minecraft.nether_brick":21,"stat.craftItem.industrialforegoing.dryrubber":6,"stat.drop.minecraft.red_flower":2,"stat.pickup.minecraft.beef":69,"stat.pickup.industrialforegoing.tree_fluid_extractor":2,"stat.pickup.sgextraparts.genericitem":3,"stat.pickup.actuallyadditions.item_crystal":1,"stat.pickup.minecraft.potion":1,"stat.useItem.minecraft.flint_and_steel":128,"stat.pickup.thaumcraft.crystal_essence":84,"stat.mineBlock.astralsorcery.blockmarble":45,"stat.pickup.techreborn.gem":23,"stat.drop.mekanism.ingot":8,"stat.mineBlock.enderstorage.ender_storage":5,"stat.deaths":7,"stat.useItem.tconstruct.smeltery_io":1,"stat.pickup.minecraft.egg":1,"stat.useItem.minecraft.nether_brick":13,"stat.pickup.enderio.item_liquid_conduit":9,"stat.craftItem.minecraft.iron_pickaxe":5,"stat.pickup.astralsorcery.blockmarblestairs":3,"stat.pickup.chisel.marble2":5,"stat.mineBlock.minecraft.tallgrass":80,"stat.pickup.tconstruct.seared":3,"stat.chestOpened":494,"stat.useItem.minecraft.stone":32,"stat.pickup.minecraft.arrow":21,"stat.craftItem.mekanism.machineblock":1,"stat.killEntity.Ghast":4,"stat.pickup.minecraft.gold_nugget":5,"stat.pickup.techreborn.dust":23,"stat.pickup.chisel.basalt2":1,"stat.pickup.minecraft.carrot":10,"stat.crouchOneCm":136476,"stat.mineBlock.minecraft.chest":3,"stat.pickup.minecraft.rail":3,"stat.craftItem.minecraft.iron_ingot":232,"stat.pickup.mekanismtools.osmiumchestplate":1,"stat.craftingTableInteraction":164,"stat.craftItem.mekanismtools.osmiumboots":1,"stat.drop.thermalfoundation.ore":3,"stat.pickup.minecraft.nether_brick_fence":19,"stat.pickup.techreborn.ore":30,"stat.pickup.natura.edibles":1,"stat.craftItem.tconstruct.pattern":15,"stat.pickup.minecraft.wooden_pickaxe":2,"stat.useItem.chisel.marble2":3,"stat.craftItem.minecraft.nether_brick":28,"stat.craftItem.enderio.item_power_conduit":24,"stat.pickup.minecraft.dye":88,"stat.pickup.minecraft.planks":7,"stat.pickup.chisel.limestone2":3,"stat.pickup.minecraft.wheat_seeds":2,"stat.pickup.enderio.item_material":53,"stat.craftItem.tconstruct.slime_congealed":4,"stat.pickup.silentgems.soulgem":14,"stat.pickup.actuallyadditions.block_atomic_reconstructor":3,"stat.mineBlock.minecraft.dirt":32,"stat.craftItem.enderio.block_simple_sag_mill":1,"stat.pickup.immersiveengineering.seed":2,"stat.craftItem.ironchest.iron_gold_chest_upgrade":1,"stat.useItem.minecraft.cobblestone":206,"stat.pickup.minecraft.magma":1,"stat.useItem.minecraft.gravel":45,"stat.mineBlock.thaumcraft.crystal_terra":1,"stat.craftItem.minecraft.gold_ingot":18,"stat.pickup.minecraft.chicken":2,"stat.pickup.minecraft.apple":1,"stat.mineBlock.actuallyadditions.block_atomic_reconstructor":3,"stat.craftItem.minecraft.bucket":5,"stat.craftItem.minecraft.planks":208,"stat.itemEnchanted":2,"stat.mineBlock.thaumcraft.crystal_ordo":1,"stat.pickup.minecraft.stone_sword":2,"stat.pickup.minecraft.book":57,"stat.drop.thaumcraft.crystal_essence":1,"stat.mineBlock.minecraft.log":78,"stat.drop.mekanismtools.osmiumsword":1,"stat.craftItem.minecraft.paper":3,"stat.pickup.minecraft.red_flower":4,"stat.craftItem.thermalexpansion.frame":1,"stat.pickup.minecraft.wool":18,"stat.mineBlock.industrialforegoing.lava_fabricator":4,"stat.mineBlock.thaumcraft.ore_cinnabar":2,"stat.pickup.minecraft.lingering_potion":2,"stat.craftItem.mekanismtools.osmiumsword":1,"stat.craftItem.tconstruct.edible":28,"stat.mineBlock.minecraft.cobblestone":70,"stat.pickup.minecraft.flint":33,"stat.pickup.traverse.yellow_autumnal_sapling":1,"stat.useItem.industrialforegoing.tree_fluid_extractor":2,"stat.craftItem.minecraft.wool":5,"stat.craftItem.enderio.item_alloy_ingot":18,"stat.mineBlock.actuallyadditions.block_crystal":1,"stat.mineBlock.thaumcraft.ore_amber":1,"stat.pickup.minecraft.cooked_porkchop":2,"stat.useItem.minecraft.obsidian":8,"stat.useItem.minecraft.stone_slab2":164,"stat.pickup.minecraft.bow":7,"stat.pickup.traverse.red_autumnal_sapling":3,"stat.craftItem.minecraft.furnace":16,"stat.pickup.thermalfoundation.ore":253,"stat.craftItem.minecraft.cooked_beef":67,"stat.mineBlock.minecraft.obsidian":9,"stat.drop.techreborn.rubber_sapling":2,"stat.killEntity.Firebat":7,"stat.pickup.quark.black_ash":13,"stat.mineBlock.minecraft.clay":77,"stat.flyOneCm":3245443,"stat.pickup.actuallyadditions.item_booklet":1,"stat.drop.tombmanygraves.death_list":3,"stat.timeSinceDeath":145481,"stat.drop.minecraft.spider_eye":3,"stat.craftItem.minecraft.iron_block":4,"stat.killEntity.Bat":1,"stat.pickup.techreborn.rubber_planks":38,"stat.craftItem.minecraft.stonebrick":8,"stat.pickup.actuallyadditions.block_crystal":1,"stat.craftItem.tconstruct.seared":51,"stat.pickup.minecraft.nether_wart":12,"stat.mineBlock.minecraft.coal_ore":334,"stat.drop.minecraft.wool":1,"stat.killEntity.Creeper":3,"stat.talkedToVillager":16,"stat.pickup.extrautils2.ingredients":12,"stat.pickup.minecraft.string":29,"stat.killEntity.Squid":1,"stat.craftItem.tconstruct.tooltables":5,"stat.sprintOneCm":559719,"stat.pickup.immersiveengineering.tool":1,"stat.useItem.enderstorage.ender_storage":1,"stat.mineBlock.minecraft.diamond_ore":1,"stat.useItem.enderio.item_power_conduit":18,"stat.pickup.techreborn.rubber_sapling":4,"stat.mineBlock.thaumcraft.loot_urn_common":1,"stat.craftItem.mekanismtools.osmiumpickaxe":2,"stat.craftItem.minecraft.emerald":2,"stat.pickup.minecraft.iron_block":3,"stat.killEntity.Zombie":27,"stat.pickup.rftools.dimensional_shard":17,"stat.mineBlock.minecraft.gold_ore":28,"stat.diveOneCm":98183,"stat.drop.minecraft.diamond_pickaxe":3,"stat.pickup.tconstruct.tooltables":4,"stat.mineBlock.astralsorcery.blockmarblestairs":3,"stat.craftItem.ironbackpacks.backpack":5,"stat.useItem.actuallyadditions.block_misc":1,"stat.craftItem.minecraft.cooked_porkchop":44,"stat.craftItem.silentgems.pickaxe":2,"stat.useItem.silentgems.pickaxe":760,"stat.pickup.minecraft.obsidian":9,"stat.pickup.tombmanygraves.death_list":7,"stat.craftItem.thermalexpansion.machine":1,"stat.pickup.industrialforegoing.lava_fabricator":4,"stat.jump":5727,"stat.useItem.minecraft.sand":62,"stat.pickup.minecraft.coal":432,"stat.pickup.minecraft.iron_ingot":9,"stat.mineBlock.techreborn.rubber_leaves":4,"stat.pickup.minecraft.gunpowder":9,"stat.pickup.thaumcraft.plank_greatwood":1,"stat.pickup.minecraft.dirt":46,"stat.mineBlock.thaumcraft.loot_urn_uncommon":1,"stat.useItem.minecraft.sapling":7,"stat.pickup.minecraft.gold_ore":28,"stat.mineBlock.minecraft.lapis_ore":15,"stat.damageTaken":7309,"stat.mineBlock.minecraft.red_flower":4,"stat.tradedWithVillager":2,"stat.pickup.minecraft.magma_cream":2,"stat.pickup.minecraft.potato":2,"stat.pickup.silentgems.fluffypuffseeds":1,"stat.useItem.minecraft.chest":4,"stat.craftItem.tconstruct.smeltery_io":3,"stat.pickup.minecraft.diamond_pickaxe":3,"stat.useItem.minecraft.lava_bucket":7,"stat.entityKilledBy.nitrocreeper":1,"stat.craftItem.mekanism.ingot":126,"stat.useItem.tconstruct.faucet":1,"stat.craftItem.minecraft.iron_chestplate":1,"stat.useItem.mekanismtools.osmiumsword":248,"stat.pickup.minecraft.ender_pearl":3,"stat.pickup.mekanismtools.osmiumhelmet":1,"stat.pickup.minecraft.cooked_beef":7,"stat.useItem.minecraft.netherrack":110,"stat.craftItem.minecraft.bookshelf":8,"stat.mineBlock.minecraft.glowstone":3,"stat.mobKills":244,"stat.mineBlock.minecraft.bookshelf":15,"stat.craftItem.minecraft.shears":1,"stat.useItem.minecraft.boat":1,"stat.pickup.minecraft.diamond":1,"stat.pickup.thaumcraft.brain":3,"stat.pickup.astralsorcery.blockmarble":37,"stat.mineBlock.astralsorcery.blockcustomsandore":3,"stat.drop.minecraft.arrow":3,"stat.drop.minecraft.mutton":2,"stat.mineBlock.industrialforegoing.fluid_pump":4,"stat.mineBlock.thaumcraft.ore_quartz":8,"stat.useItem.minecraft.bookshelf":6,"stat.mineBlock.enderio.block_simple_sag_mill":1,"stat.killEntity.Blaze":27,"stat.craftItem.enderio.block_enchanter":1,"stat.useItem.minecraft.planks":9,"stat.pickup.minecraft.glowstone_dust":9,"stat.pickup.enderstorage.ender_storage":5,"stat.pickup.minecraft.porkchop":47,"stat.pickup.minecraft.blaze_powder":15,"stat.pickup.mekanismtools.osmiumboots":1,"stat.craftItem.actuallyadditions.block_atomic_reconstructor":1,"stat.useItem.minecraft.water_bucket":30,"stat.mineBlock.minecraft.nether_brick_fence":13,"stat.pickup.minecraft.sand":458,"stat.useItem.enderio.item_dark_steel_sword":87,"stat.craftItem.actuallyadditions.block_misc":1,"stat.pickup.refinedstorage.silicon":58,"stat.craftItem.tconstruct.casting":3,"stat.craftItem.minecraft.stone_sword":1,"stat.mineBlock.minecraft.sand":459,"stat.drop.techreborn.treetap":1,"stat.craftItem.enderio.block_fused_glass":6,"stat.pickup.mekanismgenerators.generator":2,"stat.craftItem.enderio.item_material":129,"stat.pickup.actuallyadditions.item_solidified_experience":23,"stat.craftItem.thermalfoundation.material":168,"stat.pickup.minecraft.furnace":9,"stat.pickup.minecraft.skull":3,"stat.craftItem.enderio.block_simple_furnace":1,"stat.pickup.thaumcraft.nugget":7,"stat.craftItem.ironchest.iron_chest":1,"stat.craftItem.enderio.block_simple_alloy_smelter":1,"stat.playOneMinute":536768,"stat.pickup.minecraft.blaze_rod":12,"stat.craftItem.industrialforegoing.lava_fabricator":1,"stat.mineBlock.actuallyadditions.block_wild":1,"stat.useItem.traverse.brown_autumnal_sapling":3,"stat.pickup.natura.overworld_seeds":2,"stat.pickup.minecraft.iron_bars":17,"stat.pickup.minecraft.netherrack":443,"stat.mineBlock.minecraft.netherrack":418,"stat.craftItem.minecraft.iron_nugget":18,"stat.fallOneCm":130358,"stat.craftItem.tconstruct.toolforge":1,"stat.craftItem.minecraft.chest":16,"stat.pickup.silentgems.glowrose":3,"stat.mineBlock.silentgems.gemore":81,"stat.craftItem.industrialforegoing.fluid_pump":1,"stat.pickup.minecraft.feather":3,"stat.drop.minecraft.bone":3,"stat.useItem.minecraft.furnace":5,"stat.craftItem.tconstruct.materials":268,"stat.mineBlock.minecraft.gravel":266,"stat.useItem.minecraft.stone_pickaxe":111,"stat.craftItem.tconstruct.seared_tank":1,"stat.useItem.minecraft.stone_sword":77,"stat.craftItem.minecraft.iron_leggings":1,"stat.craftItem.minecraft.redstone_block":1,"stat.pickup.minecraft.crafting_table":14,"stat.useItem.minecraft.log":7,"stat.craftItem.minecraft.crafting_table":7,"stat.pickup.enderio.block_simple_alloy_smelter":4,"stat.entityKilledBy.Firebat":1,"stat.craftItem.minecraft.boat":1,"stat.drop.actuallyadditions.item_pickaxe_crystal_green":1,"stat.killEntity.LavaSlime":21,"stat.killEntity.quark:foxhound":10,"stat.pickup.minecraft.log":78,"stat.pickup.traverse.brown_autumnal_sapling":5,"stat.craftItem.minecraft.redstone_ore":1,"stat.pickup.minecraft.web":2,"stat.pickup.industrialforegoing.fluid_pump":4,"stat.pickup.minecraft.sapling":15,"stat.craftItem.tconstruct.smeltery_controller":1,"stat.drop.minecraft.bow":1,"stat.pickup.silentgems.gem":121,"stat.killEntity.WitherSkeleton":12,"stat.pickup.minecraft.golden_sword":1,"stat.sneakTime":42762,"stat.pickup.thaumcraft.amber":1,"stat.pickup.enderio.block_simple_furnace":1,"stat.pickup.minecraft.chest":3,"stat.drop.minecraft.stone_pickaxe":1,"stat.pickup.minecraft.bone":24,"stat.pickup.minecraft.redstone_torch":1,"stat.drop.natura.overworld_seeds":1,"stat.craftItem.botania.petal":2,"stat.craftItem.tconstruct.faucet":3,"stat.mineBlock.traverse.yellow_autumnal_leaves":1,"stat.mineBlock.actuallyadditions.block_misc":29,"stat.craftItem.tconstruct.slimesling":2,"stat.swimOneCm":80036,"stat.climbOneCm":2047,"stat.mineBlock.quark.roots":5,"stat.useItem.minecraft.dirt":3,"stat.useItem.minecraft.iron_ore":1,"stat.mineBlock.sgextraparts.rock":1,"stat.craftItem.minecraft.stone_pickaxe":1,"stat.mineBlock.minecraft.magma":1,"stat.pickup.minecraft.cobblestone":1085,"stat.drop.silentgems.fluffypuffseeds":1,"stat.useItem.minecraft.stone_shovel":72,"stat.mineBlock.chisel.limestone2":3,"stat.pickup.minecraft.glass_bottle":2,"stat.mineBlock.industrialforegoing.tree_fluid_extractor":2,"stat.useItem.minecraft.cooked_beef":20,"stat.craftItem.mekanismtools.osmiumhelmet":1,"stat.mineBlock.traverse.brown_autumnal_leaves":1,"stat.pickup.minecraft.redstone":285,"stat.mineBlock.minecraft.iron_ore":260,"stat.craftItem.mekanismtools.osmiumleggings":1,"stat.mineBlock.enderio.block_simple_furnace":1,"stat.pickup.minecraft.mutton":16,"stat.craftItem.techreborn.rubber_planks":64,"stat.useItem.actuallyadditions.item_pickaxe_crystal_green":1,"stat.mineBlock.mekanismgenerators.generator":2,"stat.mineBlock.thermalfoundation.ore":256,"stat.drop.minecraft.dirt":12,"stat.useItem.minecraft.cooked_porkchop":45,"stat.craftItem.industrialforegoing.latex_processing_unit":1,"stat.mineBlock.thaumcraft.plank_greatwood":1,"stat.mineBlock.minecraft.nether_brick":22,"stat.craftItem.tconstruct.soil":268,"stat.craftItem.techreborn.ingot":6,"stat.mineBlock.enderio.block_simple_stirling_generator":7,"stat.useItem.astralsorcery.blockmarble":3,"stat.craftItem.tconstruct.slime_boots":2,"stat.craftItem.minecraft.stone_slab2":0,"stat.pickup.actuallyadditions.block_tiny_torch":1,"stat.pickup.actuallyadditions.item_misc":6,"stat.craftItem.minecraft.stick":80,"stat.mineBlock.mekanism.oreblock":114,"stat.mineBlock.rftools.dimensional_shard_ore":6,"stat.craftItem.minecraft.stone":71,"stat.mineBlock.minecraft.crafting_table":13,"stat.useItem.minecraft.diamond_pickaxe":9,"stat.mineBlock.enderio.block_simple_alloy_smelter":5,"stat.craftItem.actuallyadditions.item_pickaxe_crystal_green":1,"stat.pickup.botania.flower":1,"stat.craftItem.industrialforegoing.tree_fluid_extractor":3,"stat.mineBlock.minecraft.planks":3,"stat.drop":40,"stat.mineBlock.thaumcraft.crystal_aqua":8,"stat.killEntity.Sheep":11,"stat.useItem.tconstruct.seared":45,"stat.pickup.mekanismtools.steelboots":1,"stat.mineBlock.silentgems.glowrose":2,"stat.craftItem.minecraft.clay":10,"stat.craftItem.minecraft.piston":2,"stat.mineBlock.traverse.red_autumnal_leaves":1,"stat.mineBlock.botania.doubleflower2":1,"stat.drop.minecraft.wooden_pickaxe":1,"stat.pickup.minecraft.gravel":218,"stat.pickup.mekanismtools.osmiumleggings":1,"stat.useItem.minecraft.apple":1,"stat.useItem.minecraft.porkchop":1,"stat.craftItem.mekanismtools.osmiumchestplate":1,"stat.drop.minecraft.cooked_porkchop":1,"stat.pickup.minecraft.fence":1,"stat.pickup.enderio.item_power_conduit":18,"stat.useItem.minecraft.stone_axe":113,"stat.pickup.minecraft.spider_eye":9,"stat.pickup.actuallyadditions.block_misc":28,"stat.pickup.minecraft.iron_ore":300,"stat.pickup.mekanismtools.osmiumsword":2,"stat.pickup.tconstruct.slime_congealed":17,"stat.boatOneCm":79680,"stat.mineBlock.minecraft.iron_bars":17,"stat.craftItem.minecraft.flint_and_steel":2,"stat.mineBlock.tconstruct.tooltables":4,"stat.pickup.minecraft.leather":56,"stat.craftItem.minecraft.iron_bars":32,"stat.craftItem.enderio.block_simple_stirling_generator":1,"stat.craftItem.industrialforegoing.plastic":6,"stat.mineBlock.minecraft.furnace":9,"stat.useItem.minecraft.wooden_pickaxe":21,"stat.useItem.enderio.item_liquid_conduit":9,"stat.pickup.minecraft.reeds":11,"stat.killEntity.CaveSpider":5,"stat.useItem.immersiveengineering.sword_steel":130,"stat.pickup.tconstruct.materials":1,"stat.damageDealt":34634,"stat.craftItem.minecraft.glass":35,"stat.craftItem.minecraft.cauldron":2,"stat.killEntity.Wisp":2,"stat.sleepInBed":13,"stat.killEntity.Cow":33,"stat.killEntity.Pig":21,"stat.craftItem.minecraft.stone_shovel":1,"stat.walkOneCm":1126536,"stat.pickup.minecraft.stick":7,"stat.pickup.mekanism.oreblock":114,"stat.pickup.minecraft.clay_ball":316,"stat.mineBlock.silentgems.gemoredark":40,"stat.mineBlock.chisel.basalt2":2,"stat.craftItem.botania.flowerbag":1,"stat.mineBlock.techreborn.ore":60,"stat.useItem.actuallyadditions.item_jam":1,"stat.craftItem.mekanismgenerators.generator":1,"stat.pickup.minecraft.stone":8,"stat.mineBlock.minecraft.wool":3,"stat.drop.minecraft.emerald":1,"stat.mineBlock.thaumcraft.crystal_ignis":7,"stat.killEntity.Skeleton":23,"stat.pickup.ironbackpacks.backpack":1,"stat.pickup.thaumcraft.ore_cinnabar":2,"stat.killEntity.Chicken":2,"stat.pickup.minecraft.netherbrick":114,"stat.mineBlock.minecraft.redstone_torch":1,"stat.pickup.enderio.block_simple_stirling_generator":6,"stat.killEntity.Spider":18,"stat.mineBlock.minecraft.quartz_ore":227,"stat.pickup.astralsorcery.itemcraftingcomponent":7,"stat.pickup.minecraft.quartz":197,"stat.craftItem.techreborn.treetap":1,"stat.craftItem.industrialforegoing.book_manual":1,"stat.pickup.actuallyadditions.item_pickaxe_crystal_green":1,"stat.mineBlock.minecraft.leaves":13,"stat.pickup.enderio.block_simple_sag_mill":1,"stat.mineBlock.tconstruct.seared":3,"stat.mineBlock.minecraft.redstone_ore":62,"stat.mineBlock.minecraft.stone":989}