{"stat.useItem.traverse.red_autumnal_sapling":1,"stat.leaveGame":2,"stat.mineBlock.thaumcraft.ore_quartz":4,"stat.mineBlock.enderio.block_simple_sag_mill":1,"stat.useItem.minecraft.planks":9,"stat.craftItem.minecraft.shield":1,"stat.mineBlock.minecraft.web":2,"stat.pickup.minecraft.porkchop":47,"stat.useItem.minecraft.water_bucket":24,"stat.pickup.minecraft.rotten_flesh":4,"stat.pickup.minecraft.sand":458,"stat.useItem.enderio.item_dark_steel_sword":68,"stat.craftItem.minecraft.stone_axe":1,"stat.killEntity.Enderman":3,"stat.craftItem.tconstruct.casting":3,"stat.pickup.enderio.item_broken_spawner":3,"stat.craftItem.minecraft.stone_sword":1,"stat.craftItem.minecraft.iron_shovel":4,"stat.mineBlock.minecraft.sand":459,"stat.killEntity.Witch":1,"stat.drop.techreborn.treetap":1,"stat.pickup.quark.tallow":38,"stat.useItem.minecraft.iron_pickaxe":1130,"stat.craftItem.minecraft.wooden_pickaxe":2,"stat.useItem.minecraft.iron_shovel":716,"stat.drop.immersiveengineering.seed":1,"stat.mineBlock.chisel.marble2":5,"stat.craftItem.enderio.item_material":96,"stat.furnaceInteraction":185,"stat.mineBlock.botania.flower":8,"stat.killEntity.ZombieVillager":1,"stat.pickup.actuallyadditions.item_solidified_experience":15,"stat.craftItem.thermalfoundation.material":143,"stat.pickup.minecraft.beef":68,"stat.pickup.minecraft.furnace":9,"stat.pickup.industrialforegoing.tree_fluid_extractor":2,"stat.pickup.sgextraparts.genericitem":3,"stat.pickup.minecraft.skull":1,"stat.craftItem.enderio.block_simple_furnace":1,"stat.pickup.minecraft.potion":1,"stat.useItem.minecraft.flint_and_steel":128,"stat.pickup.thaumcraft.crystal_essence":9,"stat.mineBlock.astralsorcery.blockmarble":45,"stat.pickup.techreborn.gem":2,"stat.pickup.thaumcraft.nugget":4,"stat.drop.mekanism.ingot":8,"stat.craftItem.enderio.block_simple_alloy_smelter":1,"stat.deaths":2,"stat.useItem.tconstruct.smeltery_io":1,"stat.pickup.minecraft.egg":1,"stat.playOneMinute":287503,"stat.craftItem.minecraft.iron_pickaxe":5,"stat.mineBlock.actuallyadditions.block_wild":1,"stat.useItem.traverse.brown_autumnal_sapling":3,"stat.pickup.astralsorcery.blockmarblestairs":3,"stat.pickup.natura.overworld_seeds":2,"stat.pickup.minecraft.iron_bars":2,"stat.pickup.chisel.marble2":5,"stat.mineBlock.minecraft.tallgrass":17,"stat.pickup.tconstruct.seared":3,"stat.chestOpened":246,"stat.pickup.minecraft.arrow":15,"stat.craftItem.mekanism.machineblock":1,"stat.pickup.minecraft.gold_nugget":3,"stat.craftItem.minecraft.iron_nugget":18,"stat.fallOneCm":71838,"stat.pickup.minecraft.carrot":10,"stat.crouchOneCm":55005,"stat.craftItem.tconstruct.toolforge":1,"stat.craftItem.minecraft.iron_ingot":205,"stat.craftItem.minecraft.chest":13,"stat.craftingTableInteraction":116,"stat.drop.thermalfoundation.ore":3,"stat.pickup.techreborn.ore":18,"stat.pickup.silentgems.glowrose":3,"stat.mineBlock.silentgems.gemore":11,"stat.craftItem.tconstruct.pattern":15,"stat.pickup.minecraft.wooden_pickaxe":2,"stat.useItem.chisel.marble2":3,"stat.pickup.minecraft.feather":3,"stat.useItem.minecraft.furnace":5,"stat.craftItem.tconstruct.materials":268,"stat.craftItem.enderio.item_power_conduit":8,"stat.pickup.minecraft.dye":2,"stat.pickup.minecraft.planks":7,"stat.pickup.chisel.limestone2":3,"stat.pickup.minecraft.wheat_seeds":2,"stat.pickup.enderio.item_material":53,"stat.mineBlock.minecraft.gravel":251,"stat.useItem.minecraft.stone_pickaxe":111,"stat.craftItem.tconstruct.seared_tank":1,"stat.useItem.minecraft.stone_sword":77,"stat.craftItem.minecraft.iron_leggings":1,"stat.pickup.silentgems.soulgem":8,"stat.mineBlock.minecraft.dirt":23,"stat.craftItem.enderio.block_simple_sag_mill":1,"stat.pickup.immersiveengineering.seed":1,"stat.pickup.minecraft.crafting_table":13,"stat.useItem.minecraft.log":4,"stat.useItem.minecraft.cobblestone":49,"stat.craftItem.minecraft.crafting_table":6,"stat.craftItem.minecraft.boat":1,"stat.pickup.minecraft.log":78,"stat.pickup.traverse.brown_autumnal_sapling":5,"stat.pickup.minecraft.web":2,"stat.pickup.minecraft.chicken":2,"stat.pickup.minecraft.sapling":15,"stat.pickup.minecraft.apple":1,"stat.craftItem.tconstruct.smeltery_controller":1,"stat.craftItem.minecraft.bucket":3,"stat.pickup.silentgems.gem":10,"stat.craftItem.minecraft.planks":208,"stat.pickup.minecraft.book":42,"stat.mineBlock.minecraft.log":78,"stat.craftItem.minecraft.paper":3,"stat.pickup.minecraft.red_flower":1,"stat.sneakTime":17922,"stat.pickup.thaumcraft.amber":1,"stat.pickup.enderio.block_simple_furnace":1,"stat.pickup.minecraft.wool":15,"stat.drop.minecraft.stone_pickaxe":1,"stat.pickup.minecraft.lingering_potion":2,"stat.pickup.minecraft.bone":6,"stat.drop.natura.overworld_seeds":1,"stat.craftItem.tconstruct.edible":20,"stat.mineBlock.minecraft.cobblestone":5,"stat.pickup.minecraft.flint":33,"stat.craftItem.botania.petal":2,"stat.pickup.traverse.yellow_autumnal_sapling":1,"stat.useItem.industrialforegoing.tree_fluid_extractor":2,"stat.craftItem.tconstruct.faucet":3,"stat.mineBlock.traverse.yellow_autumnal_leaves":1,"stat.mineBlock.actuallyadditions.block_misc":4,"stat.craftItem.minecraft.wool":5,"stat.craftItem.enderio.item_alloy_ingot":14,"stat.craftItem.tconstruct.slimesling":1,"stat.swimOneCm":74610,"stat.climbOneCm":1652,"stat.mineBlock.actuallyadditions.block_crystal":1,"stat.mineBlock.thaumcraft.ore_amber":1,"stat.pickup.minecraft.cooked_porkchop":2,"stat.mineBlock.quark.roots":3,"stat.useItem.minecraft.obsidian":8,"stat.useItem.minecraft.dirt":3,"stat.useItem.minecraft.stone_slab2":105,"stat.pickup.minecraft.bow":1,"stat.pickup.traverse.red_autumnal_sapling":3,"stat.craftItem.minecraft.furnace":14,"stat.pickup.thermalfoundation.ore":183,"stat.useItem.minecraft.iron_ore":1,"stat.mineBlock.sgextraparts.rock":1,"stat.craftItem.minecraft.stone_pickaxe":1,"stat.craftItem.minecraft.cooked_beef":3,"stat.drop.techreborn.rubber_sapling":2,"stat.pickup.minecraft.cobblestone":482,"stat.mineBlock.minecraft.clay":77,"stat.useItem.minecraft.stone_shovel":72,"stat.mineBlock.chisel.limestone2":3,"stat.flyOneCm":1838573,"stat.pickup.minecraft.glass_bottle":2,"stat.mineBlock.industrialforegoing.tree_fluid_extractor":2,"stat.useItem.minecraft.cooked_beef":3,"stat.mineBlock.traverse.brown_autumnal_leaves":1,"stat.pickup.minecraft.redstone":47,"stat.mineBlock.minecraft.iron_ore":176,"stat.timeSinceDeath":141677,"stat.mineBlock.enderio.block_simple_furnace":1,"stat.pickup.minecraft.mutton":14,"stat.craftItem.minecraft.iron_block":4,"stat.craftItem.minecraft.stonebrick":8,"stat.pickup.actuallyadditions.block_crystal":1,"stat.craftItem.tconstruct.seared":51,"stat.mineBlock.thermalfoundation.ore":181,"stat.drop.minecraft.dirt":12,"stat.useItem.minecraft.cooked_porkchop":23,"stat.mineBlock.minecraft.coal_ore":212,"stat.killEntity.Creeper":1,"stat.talkedToVillager":3,"stat.pickup.extrautils2.ingredients":1,"stat.craftItem.tconstruct.soil":268,"stat.pickup.minecraft.string":23,"stat.craftItem.techreborn.ingot":6,"stat.useItem.astralsorcery.blockmarble":3,"stat.craftItem.tconstruct.slime_boots":1,"stat.craftItem.minecraft.stone_slab2":0,"stat.pickup.actuallyadditions.block_tiny_torch":1,"stat.killEntity.Squid":1,"stat.craftItem.tconstruct.tooltables":5,"stat.sprintOneCm":246231,"stat.pickup.actuallyadditions.item_misc":5,"stat.pickup.immersiveengineering.tool":1,"stat.craftItem.minecraft.stick":72,"stat.mineBlock.mekanism.oreblock":86,"stat.craftItem.minecraft.stone":71,"stat.useItem.enderio.item_power_conduit":10,"stat.mineBlock.minecraft.crafting_table":12,"stat.pickup.techreborn.rubber_sapling":4,"stat.pickup.botania.flower":1,"stat.craftItem.industrialforegoing.tree_fluid_extractor":3,"stat.mineBlock.thaumcraft.loot_urn_common":1,"stat.mineBlock.minecraft.planks":3,"stat.drop":16,"stat.killEntity.Sheep":10,"stat.useItem.tconstruct.seared":45,"stat.pickup.minecraft.iron_block":3,"stat.killEntity.Zombie":10,"stat.mineBlock.silentgems.glowrose":2,"stat.craftItem.minecraft.clay":10,"stat.mineBlock.minecraft.gold_ore":6,"stat.diveOneCm":88473,"stat.pickup.tconstruct.tooltables":4,"stat.mineBlock.astralsorcery.blockmarblestairs":3,"stat.craftItem.ironbackpacks.backpack":5,"stat.craftItem.minecraft.piston":2,"stat.mineBlock.traverse.red_autumnal_leaves":1,"stat.mineBlock.botania.doubleflower2":1,"stat.drop.minecraft.wooden_pickaxe":1,"stat.pickup.minecraft.gravel":211,"stat.craftItem.minecraft.cooked_porkchop":44,"stat.useItem.minecraft.apple":1,"stat.useItem.minecraft.porkchop":1,"stat.pickup.tombmanygraves.death_list":3,"stat.jump":2937,"stat.useItem.minecraft.sand":56,"stat.pickup.minecraft.coal":310,"stat.pickup.minecraft.iron_ingot":7,"stat.pickup.enderio.item_power_conduit":5,"stat.useItem.minecraft.stone_axe":109,"stat.mineBlock.techreborn.rubber_leaves":4,"stat.pickup.minecraft.gunpowder":2,"stat.pickup.minecraft.spider_eye":4,"stat.pickup.minecraft.dirt":37,"stat.pickup.actuallyadditions.block_misc":4,"stat.mineBlock.thaumcraft.loot_urn_uncommon":1,"stat.pickup.minecraft.iron_ore":216,"stat.pickup.tconstruct.slime_congealed":17,"stat.boatOneCm":79680,"stat.useItem.minecraft.sapling":7,"stat.mineBlock.minecraft.iron_bars":2,"stat.pickup.minecraft.gold_ore":6,"stat.craftItem.minecraft.flint_and_steel":2,"stat.mineBlock.tconstruct.tooltables":4,"stat.damageTaken":2692,"stat.pickup.minecraft.leather":41,"stat.craftItem.minecraft.iron_bars":32,"stat.craftItem.enderio.block_simple_stirling_generator":1,"stat.mineBlock.minecraft.furnace":9,"stat.useItem.minecraft.wooden_pickaxe":21,"stat.pickup.minecraft.reeds":3,"stat.useItem.immersiveengineering.sword_steel":130,"stat.pickup.tconstruct.materials":1,"stat.damageDealt":15676,"stat.craftItem.minecraft.glass":9,"stat.sleepInBed":3,"stat.killEntity.Cow":32,"stat.killEntity.Pig":21,"stat.craftItem.minecraft.stone_shovel":1,"stat.walkOneCm":582995,"stat.useItem.minecraft.chest":2,"stat.craftItem.tconstruct.smeltery_io":3,"stat.pickup.minecraft.stick":7,"stat.pickup.mekanism.oreblock":86,"stat.pickup.minecraft.clay_ball":316,"stat.useItem.minecraft.lava_bucket":2,"stat.craftItem.mekanism.ingot":27,"stat.craftItem.botania.flowerbag":1,"stat.useItem.tconstruct.faucet":1,"stat.mineBlock.techreborn.ore":20,"stat.useItem.actuallyadditions.item_jam":1,"stat.craftItem.mekanismgenerators.generator":1,"stat.pickup.minecraft.stone":2,"stat.craftItem.minecraft.iron_chestplate":1,"stat.mineBlock.minecraft.wool":3,"stat.pickup.minecraft.ender_pearl":3,"stat.killEntity.Skeleton":13,"stat.pickup.ironbackpacks.backpack":1,"stat.killEntity.Chicken":2,"stat.killEntity.Spider":17,"stat.pickup.astralsorcery.itemcraftingcomponent":7,"stat.mobKills":112,"stat.mineBlock.minecraft.bookshelf":14,"stat.pickup.minecraft.quartz":4,"stat.craftItem.techreborn.treetap":1,"stat.craftItem.industrialforegoing.book_manual":1,"stat.useItem.minecraft.boat":1,"stat.mineBlock.minecraft.leaves":12,"stat.pickup.enderio.block_simple_sag_mill":1,"stat.mineBlock.tconstruct.seared":3,"stat.mineBlock.minecraft.redstone_ore":10,"stat.pickup.astralsorcery.blockmarble":37,"stat.mineBlock.astralsorcery.blockcustomsandore":3,"stat.mineBlock.minecraft.stone":462}