{"stat.drop.minecraft.waterlily":1,"stat.mineBlock.quark.netherrack_speleothem":2,"stat.leaveGame":1,"stat.pickup.silentgems.guide_book":1,"stat.craftItem.minecraft.iron_axe":1,"stat.craftItem.thaumcraft.table_wood":1,"stat.pickup.tconstruct.edible":11,"stat.mineBlock.minecraft.sandstone":1,"stat.useItem.minecraft.planks":103,"stat.mineBlock.minecraft.web":2,"stat.drop.minecraft.feather":1,"stat.pickup.minecraft.glowstone_dust":29,"stat.drop.minecraft.bowl":4,"stat.pickup.minecraft.porkchop":15,"stat.craftItem.thaumcraft.scribing_tools":1,"stat.pickup.tconstruct.slimesling":1,"stat.pickup.natura.nether_logs":1,"stat.craftItem.techreborn.solar_panel":1,"stat.mineBlock.actuallyadditions.block_crystal_cluster_lapis":1,"stat.useItem.minecraft.water_bucket":23,"stat.pickup.minecraft.rotten_flesh":18,"stat.pickup.minecraft.sand":13,"stat.useItem.enderio.item_dark_steel_sword":45,"stat.entityKilledBy.Spider":1,"stat.pickup.natura.materials":1,"stat.craftItem.minecraft.stone_axe":2,"stat.drop.silentgems.glowrose":1,"stat.drop.silentgems.soulgem":3,"stat.craftItem.minecraft.stone_sword":1,"stat.mineBlock.minecraft.sand":13,"stat.pickup.quark.tallow":26,"stat.pickup.techreborn.rubber_log":139,"stat.useItem.minecraft.iron_pickaxe":760,"stat.craftItem.minecraft.wooden_pickaxe":3,"stat.craftItem.minecraft.bed":1,"stat.craftItem.minecraft.glass_pane":16,"stat.mineBlock.actuallyadditions.block_crystal_cluster_redstone":1,"stat.mineBlock.chisel.marble2":1,"stat.pickup.thermalfoundation.material":12,"stat.furnaceInteraction":76,"stat.drop.minecraft.gravel":15,"stat.mineBlock.botania.flower":4,"stat.pickup.actuallyadditions.item_solidified_experience":18,"stat.craftItem.thermalfoundation.material":39,"stat.craftItem.thaumcraft.thaumometer":1,"stat.pickup.minecraft.beef":42,"stat.pickup.minecraft.furnace":3,"stat.useItem.minecraft.cooked_mutton":16,"stat.drop.silentgems.guide_book":1,"stat.pickup.minecraft.skull":1,"stat.mineBlock.techreborn.solid_fuel_generator":1,"stat.useItem.minecraft.flint_and_steel":2,"stat.pickup.thaumcraft.crystal_essence":674,"stat.mineBlock.astralsorcery.blockmarble":15,"stat.pickup.techreborn.gem":2,"stat.pickup.thaumcraft.nugget":3,"stat.craftItem.ironchest.iron_chest":1,"stat.pickup.techreborn.part":17,"stat.useItem.minecraft.dye":28,"stat.useItem.minecraft.beef":4,"stat.useItem.natura.edibles":1,"stat.deaths":2,"stat.pickup.minecraft.egg":7,"stat.playOneMinute":289416,"stat.drop.minecraft.string":5,"stat.craftItem.minecraft.iron_pickaxe":3,"stat.pickup.natura.overworld_seeds":7,"stat.craftItem.techreborn.machine_frame":1,"stat.drop.minecraft.iron_ingot":2,"stat.pickup.techreborn.machine_frame":1,"stat.pickup.chisel.marble2":2,"stat.mineBlock.minecraft.tallgrass":266,"stat.craftItem.minecraft.cooked_mutton":22,"stat.pickup.minecraft.netherrack":6,"stat.chestOpened":19,"stat.craftItem.minecraft.sign":3,"stat.killEntity.quark:crab":1,"stat.pickup.botania.mushroom":3,"stat.mineBlock.minecraft.netherrack":6,"stat.pickup.minecraft.arrow":11,"stat.craftItem.mekanism.machineblock":1,"stat.pickup.minecraft.waterlily":1,"stat.useItem.quark.frog_leg":1,"stat.fallOneCm":46509,"stat.pickup.techreborn.cable":7,"stat.pickup.minecraft.carrot":46,"stat.mineBlock.techreborn.cable":1,"stat.crouchOneCm":105322,"stat.craftItem.minecraft.iron_ingot":110,"stat.craftItem.minecraft.chest":6,"stat.craftItem.natura.nether_planks":4,"stat.useItem.quark.root_flower":1,"stat.craftingTableInteraction":65,"stat.mineBlock.techreborn.rubber_log":139,"stat.pickup.techreborn.ore":1,"stat.pickup.silentgems.glowrose":1,"stat.mineBlock.silentgems.gemore":2,"stat.pickup.natura.edibles":3,"stat.pickup.minecraft.feather":5,"stat.drop.minecraft.bone":1,"stat.useItem.minecraft.furnace":1,"stat.useItem.minecraft.reeds":28,"stat.pickup.minecraft.dye":49,"stat.pickup.chisel.limestone2":4,"stat.pickup.minecraft.wheat_seeds":12,"stat.craftItem.techreborn.rebattery":2,"stat.mineBlock.minecraft.gravel":43,"stat.useItem.minecraft.stone_pickaxe":141,"stat.useItem.minecraft.stone_sword":130,"stat.craftItem.minecraft.iron_leggings":1,"stat.pickup.silentgems.soulgem":4,"stat.mineBlock.minecraft.dirt":31,"stat.mineBlock.natura.nether_logs":1,"stat.useItem.techreborn.rubber_sapling":27,"stat.pickup.mekanism.ingot":8,"stat.drop.minecraft.paper":12,"stat.useItem.minecraft.torch":168,"stat.useItem.minecraft.bread":1,"stat.pickup.immersiveengineering.seed":4,"stat.drop.minecraft.rotten_flesh":12,"stat.mineBlock.thaumcraft.arcane_workbench":1,"stat.pickup.minecraft.crafting_table":12,"stat.useItem.minecraft.cobblestone":59,"stat.craftItem.minecraft.crafting_table":3,"stat.pickup.natura.overworld_berrybush_raspberry":1,"stat.useItem.minecraft.gravel":10,"stat.mineBlock.thaumcraft.crystal_aer":15,"stat.pickup.minecraft.log":64,"stat.mineBlock.thaumcraft.crystal_terra":72,"stat.craftItem.minecraft.gold_ingot":10,"stat.pickup.minecraft.web":3,"stat.drop.minecraft.planks":1,"stat.drop.minecraft.sapling":5,"stat.mineBlock.techreborn.rubber_sapling":2,"stat.craftItem.quark.custom_bookshelf":1,"stat.pickup.minecraft.sapling":30,"stat.pickup.minecraft.apple":3,"stat.craftItem.minecraft.bucket":2,"stat.pickup.silentgems.gem":2,"stat.craftItem.minecraft.planks":216,"stat.useItem.techreborn.cable":7,"stat.mineBlock.thaumcraft.crystal_ordo":4,"stat.pickup.quark.frog_leg":1,"stat.pickup.quark.root":1,"stat.mineBlock.minecraft.log":63,"stat.mineBlock.minecraft.waterlily":1,"stat.craftItem.minecraft.sugar":1,"stat.craftItem.minecraft.paper":45,"stat.craftItem.thermalexpansion.frame":1,"stat.pickup.minecraft.red_flower":2,"stat.pickup.thaumcraft.amber":2,"stat.sneakTime":32566,"stat.pickup.minecraft.wool":18,"stat.mineBlock.thaumcraft.crystal_perditio":30,"stat.pickup.minecraft.bone":8,"stat.useItem.minecraft.iron_axe":194,"stat.drop.natura.overworld_seeds":2,"stat.craftItem.tconstruct.edible":4,"stat.mineBlock.minecraft.cobblestone":21,"stat.pickup.minecraft.flint":7,"stat.craftItem.tconstruct.slimesling":1,"stat.swimOneCm":79544,"stat.climbOneCm":2342,"stat.mineBlock.thaumcraft.ore_amber":2,"stat.pickup.minecraft.cooked_porkchop":4,"stat.mineBlock.quark.roots":1,"stat.useItem.minecraft.dirt":10,"stat.useItem.minecraft.stone_slab2":98,"stat.craftItem.minecraft.furnace":7,"stat.pickup.thermalfoundation.ore":57,"stat.pickup.techreborn.extractor":1,"stat.craftItem.techreborn.wrench":1,"stat.useItem.minecraft.egg":7,"stat.craftItem.minecraft.stone_pickaxe":1,"stat.drop.techreborn.rubber_sapling":4,"stat.pickup.minecraft.cobblestone":139,"stat.mineBlock.minecraft.clay":1,"stat.mineBlock.chisel.limestone2":5,"stat.flyOneCm":2171225,"stat.pickup.minecraft.sandstone":1,"stat.pickup.actuallyadditions.item_booklet":1,"stat.pickup.techreborn.treetap":1,"stat.useItem.chisel.limestone2":3,"stat.drop.minecraft.wheat_seeds":1,"stat.craftItem.techreborn.extractor":1,"stat.craftItem.minecraft.wooden_slab":6,"stat.drop.tombmanygraves.death_list":2,"stat.mineBlock.quark.andesite_speleothem":1,"stat.pickup.minecraft.redstone":107,"stat.mineBlock.minecraft.iron_ore":196,"stat.craftItem.minecraft.book":3,"stat.timeSinceDeath":278336,"stat.drop.minecraft.log":1,"stat.pickup.thaumcraft.arcane_workbench":1,"stat.pickup.minecraft.mutton":28,"stat.craftItem.techreborn.rubber_planks":128,"stat.craftItem.mekanism.nugget":9,"stat.killEntity.Bat":1,"stat.mineBlock.thermalfoundation.ore":59,"stat.drop.minecraft.dirt":18,"stat.useItem.minecraft.cooked_porkchop":15,"stat.mineBlock.minecraft.coal_ore":206,"stat.killEntity.Creeper":6,"stat.talkedToVillager":5,"stat.pickup.extrautils2.ingredients":3,"stat.pickup.minecraft.string":10,"stat.craftItem.techreborn.ingot":13,"stat.pickup.actuallyadditions.item_crystal_shard":4,"stat.craftItem.tconstruct.slime_boots":1,"stat.craftItem.minecraft.stone_slab2":0,"stat.useItem.minecraft.written_book":2,"stat.killEntity.Squid":2,"stat.sprintOneCm":601302,"stat.pickup.actuallyadditions.item_misc":2,"stat.pickup.minecraft.paper":12,"stat.pickup.thaumcraft.ingot":1,"stat.craftItem.minecraft.stick":68,"stat.craftItem.techreborn.cable":24,"stat.mineBlock.mekanism.oreblock":42,"stat.useItem.natura.nether_planks":3,"stat.mineBlock.minecraft.diamond_ore":17,"stat.mineBlock.minecraft.crafting_table":12,"stat.useItem.minecraft.diamond_pickaxe":12,"stat.pickup.techreborn.rubber_sapling":56,"stat.useItem.minecraft.carrot":1,"stat.entityKilledBy.Creeper":1,"stat.pickup.botania.flower":4,"stat.drop":37,"stat.mineBlock.thaumcraft.crystal_aqua":34,"stat.craftItem.actuallyadditions.item_crafter_on_a_stick":1,"stat.killEntity.Sheep":18,"stat.craftItem.minecraft.diamond_pickaxe":1,"stat.killEntity.Zombie":18,"stat.craftItem.techreborn.solid_fuel_generator":2,"stat.mineBlock.minecraft.gold_ore":31,"stat.diveOneCm":97178,"stat.craftItem.ironbackpacks.backpack":3,"stat.craftItem.minecraft.piston":1,"stat.killEntity.BrainyZombie":1,"stat.drop.minecraft.wooden_pickaxe":3,"stat.pickup.minecraft.gravel":51,"stat.craftItem.minecraft.cooked_porkchop":11,"stat.craftItem.thaumcraft.salis_mundus":3,"stat.mineBlock.tconstruct.slime_leaves":5,"stat.useItem.minecraft.apple":2,"stat.mineBlock.quark.roots_black_flower":1,"stat.craftItem.thermalexpansion.machine":1,"stat.jump":4171,"stat.pickup.minecraft.coal":238,"stat.pickup.minecraft.iron_ingot":4,"stat.useItem.minecraft.stone_axe":182,"stat.mineBlock.techreborn.rubber_leaves":190,"stat.pickup.minecraft.gunpowder":4,"stat.pickup.minecraft.spider_eye":1,"stat.craftItem.minecraft.torch":148,"stat.pickup.minecraft.dirt":45,"stat.craftItem.minecraft.iron_helmet":1,"stat.pickup.minecraft.iron_ore":196,"stat.pickup.tconstruct.slime_congealed":24,"stat.useItem.minecraft.sapling":17,"stat.pickup.minecraft.gold_ore":31,"stat.mineBlock.minecraft.lapis_ore":8,"stat.craftItem.minecraft.flint_and_steel":1,"stat.pickup.minecraft.leather":19,"stat.damageTaken":2068,"stat.craftItem.thaumcraft.phial":8,"stat.killEntity.tconstruct.blueslime":11,"stat.mineBlock.minecraft.furnace":3,"stat.mineBlock.minecraft.torch":34,"stat.mineBlock.minecraft.red_flower":1,"stat.useItem.minecraft.wooden_pickaxe":7,"stat.mineBlock.minecraft.sapling":1,"stat.drop.tconstruct.slimesling":1,"stat.pickup.minecraft.reeds":216,"stat.killEntity.CaveSpider":2,"stat.pickup.minecraft.bed":8,"stat.pickup.minecraft.potato":24,"stat.pickup.silentgems.fluffypuffseeds":4,"stat.damageDealt":13944,"stat.craftItem.minecraft.glass":13,"stat.craftItem.minecraft.cauldron":1,"stat.sleepInBed":15,"stat.craftItem.minecraft.bowl":16,"stat.killEntity.Cow":21,"stat.killEntity.Pig":11,"stat.drop.actuallyadditions.item_crystal_shard":4,"stat.walkOneCm":463231,"stat.useItem.quark.custom_chest":1,"stat.craftItem.quark.custom_chest":4,"stat.pickup.mekanism.oreblock":42,"stat.pickup.minecraft.clay_ball":4,"stat.useItem.minecraft.lava_bucket":1,"stat.craftItem.mekanism.ingot":36,"stat.mineBlock.natura.overworld_berrybush_raspberry":1,"stat.mineBlock.techreborn.ore":3,"stat.pickup.quark.root_flower":1,"stat.craftItem.mekanismgenerators.generator":1,"stat.pickup.minecraft.stone":1,"stat.craftItem.minecraft.iron_chestplate":1,"stat.mineBlock.thaumcraft.crystal_ignis":10,"stat.useItem.minecraft.netherrack":1,"stat.killEntity.Skeleton":9,"stat.killEntity.Chicken":2,"stat.craftItem.techreborn.part":19,"stat.killEntity.Spider":5,"stat.mineBlock.minecraft.glowstone":10,"stat.mobKills":113,"stat.killEntity.quark:frog":1,"stat.craftItem.techreborn.treetap":5,"stat.pickup.minecraft.diamond":17,"stat.mineBlock.minecraft.leaves":19,"stat.pickup.minecraft.torch":43,"stat.pickup.thaumcraft.brain":3,"stat.mineBlock.minecraft.redstone_ore":24,"stat.pickup.astralsorcery.blockmarble":3,"stat.pickup.thaumcraft.thaumonomicon":1,"stat.killEntity.quark:ashen":1,"stat.mineBlock.minecraft.stone":95}