{"stat.leaveGame":3,"stat.pickup.silentgems.guide_book":1,"stat.pickup.tconstruct.edible":11,"stat.mineBlock.minecraft.sandstone":1,"stat.mineBlock.minecraft.web":3,"stat.drop.minecraft.feather":2,"stat.craftItem.thaumcraft.scribing_tools":2,"stat.pickup.natura.nether_logs":4,"stat.craftItem.techreborn.solar_panel":1,"stat.pickup.minecraft.rotten_flesh":28,"stat.pickup.natura.materials":2,"stat.craftItem.minecraft.stone_axe":2,"stat.pickup.minecraft.bucket":1,"stat.pickup.thaumcraft.nitor_yellow":2,"stat.killEntity.Witch":3,"stat.useItem.thaumcraft.jar_normal":51,"stat.drop.minecraft.sand":31,"stat.pickup.quark.tallow":26,"stat.pickup.techreborn.rubber_log":158,"stat.useItem.minecraft.iron_pickaxe":760,"stat.craftItem.minecraft.wooden_pickaxe":17,"stat.craftItem.minecraft.bed":1,"stat.craftItem.minecraft.glass_pane":96,"stat.mineBlock.chisel.marble2":1,"stat.pickup.thermalfoundation.material":13,"stat.furnaceInteraction":92,"stat.drop.minecraft.gravel":15,"stat.mineBlock.botania.flower":4,"stat.pickup.minecraft.nether_brick":51,"stat.mineBlock.thaumcraft.stone_arcane":3,"stat.craftItem.thaumcraft.thaumometer":4,"stat.pickup.thaumcraft.pedestal_arcane":7,"stat.pickup.minecraft.beef":153,"stat.useItem.thaumcraft.sapling_silverwood":5,"stat.mineBlock.techreborn.rubber_planks":2,"stat.drop.silentgems.guide_book":1,"stat.mineBlock.techreborn.solid_fuel_generator":1,"stat.craftItem.thaumcraft.plank_silverwood":32,"stat.useItem.minecraft.flint_and_steel":2,"stat.pickup.thaumcraft.crystal_essence":927,"stat.mineBlock.minecraft.sea_lantern":1,"stat.craftItem.thaumcraft.slab_silverwood":6,"stat.mineBlock.astralsorcery.blockmarble":53,"stat.pickup.techreborn.gem":2,"stat.pickup.techreborn.part":21,"stat.useItem.minecraft.dye":28,"stat.useItem.thaumcraft.stone_arcane":17,"stat.useItem.minecraft.beef":4,"stat.useItem.natura.edibles":1,"stat.deaths":8,"stat.pickup.minecraft.bowl":5,"stat.pickup.minecraft.egg":41,"stat.pickup.natura.nether_sapling":1,"stat.useItem.minecraft.nether_brick":15,"stat.craftItem.minecraft.iron_pickaxe":4,"stat.pickup.minecraft.glass_pane":2,"stat.drop.minecraft.iron_ingot":19,"stat.drop.minecraft.torch":11,"stat.pickup.chisel.marble2":2,"stat.mineBlock.minecraft.tallgrass":337,"stat.craftItem.minecraft.cooked_mutton":22,"stat.chestOpened":76,"stat.craftItem.minecraft.sign":3,"stat.pickup.botania.mushroom":3,"stat.useItem.minecraft.stone":1,"stat.pickup.thaumcraft.log_silverwood":56,"stat.pickup.thaumcraft.cloud_ring":1,"stat.pickup.minecraft.arrow":16,"stat.craftItem.mekanism.machineblock":1,"stat.pickup.minecraft.iron_sword":1,"stat.useItem.quark.frog_leg":1,"stat.pickup.techreborn.dust":6,"stat.pickup.minecraft.gold_nugget":3,"stat.drop.minecraft.iron_pickaxe":1,"stat.pickup.thaumcraft.hungry_chest":1,"stat.pickup.minecraft.carrot":53,"stat.crouchOneCm":190616,"stat.mineBlock.minecraft.chest":1,"stat.mineBlock.thaumcraft.plank_silverwood":3,"stat.craftItem.minecraft.iron_ingot":110,"stat.useItem.quark.root_flower":1,"stat.craftItem.thaumcraft.stone_arcane_brick":24,"stat.pickup.thaumcraft.infusion_matrix":3,"stat.craftItem.minecraft.hopper":1,"stat.craftingTableInteraction":109,"stat.mineBlock.techreborn.rubber_log":158,"stat.pickup.minecraft.nether_brick_fence":1,"stat.drop.thermalfoundation.ore":1,"stat.pickup.techreborn.ore":1,"stat.pickup.natura.edibles":6,"stat.useItem.minecraft.reeds":31,"stat.craftItem.enderio.item_power_conduit":8,"stat.pickup.minecraft.dye":50,"stat.pickup.chisel.limestone2":4,"stat.pickup.minecraft.wheat_seeds":22,"stat.pickup.enderio.item_material":16,"stat.craftItem.techreborn.rebattery":2,"stat.pickup.silentgems.soulgem":6,"stat.mineBlock.minecraft.dirt":187,"stat.useItem.thaumcraft.phial":10,"stat.drop.minecraft.paper":12,"stat.useItem.minecraft.bread":1,"stat.pickup.immersiveengineering.seed":6,"stat.drop.minecraft.rotten_flesh":15,"stat.mineBlock.thaumcraft.arcane_workbench":1,"stat.useItem.minecraft.cobblestone":69,"stat.useItem.minecraft.gravel":10,"stat.mineBlock.thaumcraft.crystal_aer":22,"stat.craftItem.thaumcraft.hungry_chest":1,"stat.mineBlock.thaumcraft.crystal_terra":72,"stat.craftItem.minecraft.gold_ingot":18,"stat.drop.minecraft.sapling":5,"stat.craftItem.quark.custom_bookshelf":1,"stat.pickup.minecraft.apple":3,"stat.pickup.quark.soul_bead":1,"stat.drop.thaumcraft.nugget":160,"stat.craftItem.minecraft.bucket":7,"stat.craftItem.minecraft.planks":240,"stat.mineBlock.thaumcraft.crystal_ordo":4,"stat.pickup.minecraft.book":4,"stat.mineBlock.minecraft.log":65,"stat.mineBlock.minecraft.waterlily":1,"stat.craftItem.minecraft.paper":303,"stat.craftItem.thermalexpansion.frame":1,"stat.pickup.minecraft.red_flower":21,"stat.pickup.minecraft.wool":18,"stat.craftItem.thaumcraft.plank_greatwood":16,"stat.craftItem.techreborn.smalldust":4,"stat.pickup.thaumcraft.log_greatwood":16,"stat.craftItem.thaumcraft.smelter_basic":1,"stat.pickup.thaumcraft.crimson_plate_legs":1,"stat.useItem.minecraft.iron_axe":370,"stat.craftItem.tconstruct.edible":4,"stat.mineBlock.minecraft.cobblestone":25,"stat.pickup.minecraft.flint":10,"stat.drop.thermalfoundation.material":8,"stat.craftItem.enderio.item_alloy_ingot":3,"stat.drop.mekanismgenerators.generator":1,"stat.pickup.enderio.item_dark_steel_sword":1,"stat.mineBlock.thaumcraft.ore_amber":3,"stat.drop.minecraft.cobblestone":3,"stat.pickup.minecraft.cooked_porkchop":5,"stat.drop.thaumcraft.jar_normal":1,"stat.useItem.minecraft.stone_slab2":208,"stat.craftItem.minecraft.furnace":8,"stat.pickup.thermalfoundation.ore":85,"stat.craftItem.techreborn.wrench":1,"stat.craftItem.thaumcraft.bellows":4,"stat.useItem.minecraft.egg":41,"stat.mineBlock.minecraft.obsidian":6,"stat.drop.techreborn.rubber_sapling":4,"stat.pickup.quark.black_ash":5,"stat.mineBlock.minecraft.clay":1,"stat.flyOneCm":4932493,"stat.pickup.minecraft.sandstone":1,"stat.pickup.actuallyadditions.item_booklet":1,"stat.drop.tombmanygraves.death_list":8,"stat.pickup.silentgems.pickaxe":1,"stat.timeSinceDeath":241442,"stat.pickup.thaumcraft.arcane_workbench":1,"stat.killEntity.Bat":1,"stat.pickup.techreborn.rubber_planks":6,"stat.useItem.thaumcraft.pedestal_arcane":3,"stat.craftItem.thaumcraft.plate":9,"stat.pickup.minecraft.nether_wart":10,"stat.mineBlock.minecraft.coal_ore":216,"stat.killEntity.Creeper":9,"stat.talkedToVillager":6,"stat.pickup.extrautils2.ingredients":3,"stat.useItem.techreborn.rubber_planks":2,"stat.pickup.minecraft.string":11,"stat.pickup.actuallyadditions.item_crystal_shard":4,"stat.entityKilledBy.Skeleton":1,"stat.useItem.minecraft.written_book":2,"stat.killEntity.Squid":3,"stat.sprintOneCm":1206666,"stat.useItem.natura.nether_planks":3,"stat.mineBlock.minecraft.diamond_ore":17,"stat.useItem.enderio.item_power_conduit":8,"stat.pickup.techreborn.rubber_sapling":59,"stat.killEntity.CultistKnight":5,"stat.drop.minecraft.lava_bucket":4,"stat.pickup.minecraft.sugar":1,"stat.mineBlock.thaumcraft.placeholder_brick":1,"stat.craftItem.actuallyadditions.item_crafter_on_a_stick":1,"stat.pickup.thaumcraft.sapling_silverwood":7,"stat.killEntity.Zombie":28,"stat.craftItem.techreborn.solid_fuel_generator":2,"stat.pickup.minecraft.snowball":32,"stat.mineBlock.minecraft.gold_ore":34,"stat.diveOneCm":129497,"stat.drop.minecraft.diamond_pickaxe":2,"stat.pickup.minecraft.wheat":2,"stat.craftItem.ironbackpacks.backpack":3,"stat.craftItem.minecraft.cooked_porkchop":11,"stat.craftItem.thaumcraft.salis_mundus":9,"stat.mineBlock.tconstruct.slime_leaves":5,"stat.pickup.minecraft.obsidian":6,"stat.craftItem.thermalexpansion.machine":1,"stat.jump":8918,"stat.useItem.minecraft.sand":4,"stat.pickup.minecraft.coal":248,"stat.pickup.minecraft.iron_ingot":87,"stat.mineBlock.techreborn.rubber_leaves":196,"stat.pickup.minecraft.gunpowder":5,"stat.craftItem.minecraft.torch":152,"stat.pickup.thaumcraft.plank_greatwood":1,"stat.pickup.minecraft.dirt":213,"stat.useItem.minecraft.sapling":17,"stat.pickup.minecraft.gold_ore":34,"stat.mineBlock.minecraft.lapis_ore":8,"stat.killEntity.quark:wraith":1,"stat.damageTaken":6241,"stat.killEntity.tconstruct.blueslime":11,"stat.mineBlock.minecraft.torch":35,"stat.mineBlock.minecraft.red_flower":1,"stat.mineBlock.minecraft.sapling":1,"stat.drop.tconstruct.slimesling":1,"stat.pickup.minecraft.bed":8,"stat.pickup.minecraft.potato":26,"stat.pickup.silentgems.fluffypuffseeds":6,"stat.drop.actuallyadditions.item_crystal_shard":4,"stat.useItem.minecraft.chest":3,"stat.pickup.minecraft.diamond_pickaxe":2,"stat.useItem.minecraft.lava_bucket":24,"stat.craftItem.mekanism.ingot":36,"stat.mineBlock.natura.overworld_berrybush_raspberry":1,"stat.craftItem.minecraft.iron_chestplate":1,"stat.craftItem.thaumcraft.caster_basic":1,"stat.pickup.minecraft.cooked_beef":65,"stat.useItem.minecraft.netherrack":94,"stat.pickup.thaumcraft.baubles":3,"stat.craftItem.minecraft.bookshelf":15,"stat.mineBlock.minecraft.glowstone":10,"stat.mobKills":233,"stat.mineBlock.minecraft.bookshelf":5,"stat.mineBlock.thaumcraft.bellows":7,"stat.pickup.minecraft.diamond":17,"stat.pickup.minecraft.torch":48,"stat.pickup.thaumcraft.brain":7,"stat.pickup.astralsorcery.blockmarble":23,"stat.pickup.thaumcraft.thaumonomicon":2,"stat.drop.minecraft.arrow":5,"stat.drop.thaumcraft.pedestal_arcane":1,"stat.drop.minecraft.waterlily":1,"stat.mineBlock.quark.netherrack_speleothem":2,"stat.craftItem.thaumcraft.baubles":1,"stat.craftItem.thaumcraft.slab_arcane_brick":6,"stat.mineBlock.thaumcraft.leaves_silverwood":35,"stat.mineBlock.thaumcraft.infusion_matrix":2,"stat.pickup.natura.overworld_logs2":3,"stat.useItem.minecraft.bookshelf":12,"stat.pickup.thaumcraft.chunk":4,"stat.craftItem.minecraft.iron_axe":2,"stat.pickup.silentgems.sword":1,"stat.craftItem.thaumcraft.table_wood":1,"stat.killEntity.Blaze":8,"stat.useItem.minecraft.planks":103,"stat.mineBlock.natura.nether_leaves2":27,"stat.craftItem.thaumcraft.vis_resonator":1,"stat.pickup.thaumcraft.crucible":4,"stat.pickup.minecraft.glowstone_dust":30,"stat.drop.minecraft.bowl":4,"stat.pickup.minecraft.porkchop":15,"stat.pickup.minecraft.blaze_powder":6,"stat.pickup.tconstruct.slimesling":2,"stat.mineBlock.actuallyadditions.block_crystal_cluster_lapis":1,"stat.useItem.thaumcraft.bellows":3,"stat.useItem.minecraft.water_bucket":48,"stat.mineBlock.thaumcraft.log_greatwood":17,"stat.pickup.minecraft.sand":114,"stat.useItem.enderio.item_dark_steel_sword":343,"stat.entityKilledBy.Spider":1,"stat.drop.silentgems.glowrose":1,"stat.drop.silentgems.soulgem":3,"stat.craftItem.minecraft.stone_sword":2,"stat.mineBlock.minecraft.snow_layer":8,"stat.mineBlock.minecraft.sand":53,"stat.mineBlock.thaumcraft.log_silverwood":56,"stat.pickup.mekanismgenerators.generator":2,"stat.mineBlock.actuallyadditions.block_crystal_cluster_redstone":1,"stat.drop.thaumcraft.thaumonomicon":1,"stat.pickup.actuallyadditions.item_solidified_experience":26,"stat.drop.ironbackpacks.backpack":2,"stat.craftItem.thermalfoundation.material":39,"stat.killEntity.CultistCleric":3,"stat.pickup.minecraft.furnace":3,"stat.useItem.minecraft.cooked_mutton":22,"stat.pickup.thaumcraft.stone_arcane":12,"stat.pickup.minecraft.skull":1,"stat.pickup.thaumcraft.salis_mundus":1,"stat.pickup.thaumcraft.nugget":210,"stat.craftItem.ironchest.iron_chest":6,"stat.drop.minecraft.snowball":2,"stat.pickup.minecraft.saddle":1,"stat.playOneMinute":656993,"stat.pickup.minecraft.blaze_rod":3,"stat.drop.minecraft.string":5,"stat.pickup.natura.overworld_seeds":14,"stat.craftItem.techreborn.machine_frame":1,"stat.pickup.minecraft.iron_bars":2,"stat.pickup.techreborn.machine_frame":1,"stat.pickup.minecraft.netherrack":215,"stat.killEntity.quark:crab":1,"stat.mineBlock.minecraft.netherrack":209,"stat.pickup.minecraft.waterlily":1,"stat.mineBlock.thaumcraft.pedestal_arcane":7,"stat.pickup.thaumcraft.bellows":7,"stat.fallOneCm":129632,"stat.pickup.techreborn.cable":9,"stat.craftItem.thaumcraft.stone_arcane":54,"stat.pickup.minecraft.melon_seeds":2,"stat.mineBlock.techreborn.cable":1,"stat.craftItem.minecraft.chest":13,"stat.craftItem.natura.nether_planks":16,"stat.pickup.minecraft.red_mushroom":1,"stat.pickup.silentgems.glowrose":3,"stat.mineBlock.silentgems.gemore":3,"stat.craftItem.thaumcraft.slab_arcane_stone":24,"stat.pickup.minecraft.feather":21,"stat.drop.minecraft.bone":5,"stat.useItem.minecraft.furnace":1,"stat.craftItem.thaumcraft.filter":4,"stat.craftItem.silentgems.shovel":1,"stat.mineBlock.natura.overworld_logs2":3,"stat.mineBlock.minecraft.gravel":72,"stat.useItem.minecraft.stone_pickaxe":141,"stat.useItem.minecraft.stone_sword":131,"stat.craftItem.minecraft.iron_leggings":1,"stat.mineBlock.natura.nether_logs":4,"stat.useItem.silentgems.shovel":197,"stat.useItem.techreborn.rubber_sapling":29,"stat.useItem.minecraft.iron_bars":17,"stat.pickup.minecraft.record_13":1,"stat.pickup.mekanism.ingot":8,"stat.useItem.minecraft.torch":172,"stat.mineBlock.thaumcraft.pillar_arcane":4,"stat.craftItem.thaumcraft.pedestal_arcane":4,"stat.useItem.ironchest.iron_chest":4,"stat.pickup.minecraft.crafting_table":12,"stat.useItem.minecraft.log":2,"stat.craftItem.minecraft.crafting_table":3,"stat.pickup.natura.overworld_berrybush_raspberry":1,"stat.pickup.enderio.block_simple_alloy_smelter":1,"stat.craftItem.minecraft.boat":1,"stat.killEntity.LavaSlime":1,"stat.killEntity.quark:foxhound":3,"stat.pickup.minecraft.log":67,"stat.craftItem.minecraft.redstone_ore":2,"stat.pickup.minecraft.web":3,"stat.drop.minecraft.planks":1,"stat.mineBlock.techreborn.rubber_sapling":2,"stat.pickup.minecraft.sapling":30,"stat.pickup.silentgems.gem":3,"stat.useItem.techreborn.cable":7,"stat.pickup.quark.frog_leg":1,"stat.pickup.quark.root":1,"stat.killEntity.WitherSkeleton":1,"stat.craftItem.minecraft.sugar":2,"stat.pickup.tconstruct.slime_boots":2,"stat.pickup.thaumcraft.amber":3,"stat.sneakTime":53234,"stat.mineBlock.thaumcraft.crystal_perditio":30,"stat.drop.minecraft.bucket":2,"stat.pickup.minecraft.chest":1,"stat.craftItem.minecraft.enchanting_table":1,"stat.mineBlock.integrateddynamics.menril_log_filled":1,"stat.pickup.minecraft.bone":25,"stat.drop.natura.overworld_seeds":3,"stat.drop.minecraft.glowstone_dust":3,"stat.craftItem.thaumcraft.goggles":1,"stat.craftItem.tconstruct.slimesling":3,"stat.swimOneCm":106251,"stat.climbOneCm":3046,"stat.mineBlock.quark.roots":1,"stat.useItem.minecraft.dirt":14,"stat.pickup.techreborn.extractor":1,"stat.craftItem.minecraft.trapdoor":6,"stat.mineBlock.sgextraparts.rock":1,"stat.craftItem.minecraft.stone_pickaxe":1,"stat.pickup.minecraft.cobblestone":225,"stat.useItem.thaumcraft.plank_silverwood":22,"stat.mineBlock.chisel.limestone2":5,"stat.pickup.minecraft.glass_bottle":1,"stat.pickup.techreborn.treetap":1,"stat.useItem.chisel.limestone2":3,"stat.drop.minecraft.wheat_seeds":2,"stat.craftItem.techreborn.extractor":1,"stat.craftItem.minecraft.wooden_slab":6,"stat.useItem.minecraft.cooked_beef":22,"stat.mineBlock.quark.andesite_speleothem":1,"stat.pickup.minecraft.redstone":107,"stat.mineBlock.minecraft.iron_ore":201,"stat.craftItem.minecraft.book":44,"stat.drop.minecraft.log":1,"stat.mineBlock.thaumcraft.crucible":4,"stat.pickup.minecraft.mutton":28,"stat.craftItem.techreborn.rubber_planks":372,"stat.craftItem.mekanism.nugget":9,"stat.mineBlock.mekanismgenerators.generator":1,"stat.drop.minecraft.coal":3,"stat.mineBlock.thermalfoundation.ore":87,"stat.drop.minecraft.dirt":20,"stat.useItem.minecraft.cooked_porkchop":16,"stat.mineBlock.minecraft.nether_brick":50,"stat.craftItem.thaumcraft.alembic":2,"stat.craftItem.techreborn.ingot":13,"stat.useItem.astralsorcery.blockmarble":1,"stat.craftItem.tconstruct.slime_boots":4,"stat.craftItem.minecraft.stone_slab2":0,"stat.pickup.thaumcraft.phial":2,"stat.pickup.actuallyadditions.item_misc":5,"stat.pickup.minecraft.paper":24,"stat.pickup.thaumcraft.ingot":14,"stat.craftItem.minecraft.stick":108,"stat.craftItem.techreborn.cable":24,"stat.mineBlock.mekanism.oreblock":42,"stat.craftItem.techreborn.rubber_plank_double_slab":6,"stat.pickup.thaumcraft.plank_silverwood":3,"stat.pickup.integrateddynamics.menril_log":1,"stat.mineBlock.minecraft.crafting_table":12,"stat.pickup.thaumcraft.jar_normal":11,"stat.useItem.minecraft.diamond_pickaxe":441,"stat.useItem.minecraft.carrot":35,"stat.killEntity.imp":1,"stat.entityKilledBy.Creeper":1,"stat.pickup.botania.flower":4,"stat.drop":176,"stat.mineBlock.thaumcraft.crystal_aqua":41,"stat.killEntity.Sheep":18,"stat.pickup.minecraft.slime_ball":21,"stat.craftItem.minecraft.diamond_pickaxe":1,"stat.pickup.integrateddynamics.crystalized_menril_chunk":2,"stat.craftItem.thaumcraft.nugget":180,"stat.craftItem.minecraft.piston":1,"stat.killEntity.BrainyZombie":3,"stat.mineBlock.botania.doubleflower1":1,"stat.drop.minecraft.wooden_pickaxe":3,"stat.pickup.minecraft.gravel":78,"stat.killEntity.Slime":28,"stat.useItem.minecraft.apple":2,"stat.mineBlock.quark.roots_black_flower":1,"stat.pickup.natura.nether_planks":12,"stat.pickup.enderio.item_power_conduit":1,"stat.useItem.minecraft.stone_axe":182,"stat.pickup.minecraft.spider_eye":1,"stat.craftItem.minecraft.iron_helmet":1,"stat.pickup.minecraft.iron_ore":201,"stat.pickup.tconstruct.slime_congealed":24,"stat.mineBlock.minecraft.iron_bars":2,"stat.drop.thaumcraft.phial":2,"stat.craftItem.minecraft.flint_and_steel":1,"stat.pickup.minecraft.leather":64,"stat.craftItem.minecraft.iron_bars":16,"stat.craftItem.thaumcraft.phial":8,"stat.mineBlock.minecraft.furnace":3,"stat.useItem.minecraft.wooden_pickaxe":7,"stat.pickup.minecraft.reeds":538,"stat.craftItem.thaumcraft.jar_normal":11,"stat.killEntity.CaveSpider":2,"stat.damageDealt":29857,"stat.craftItem.minecraft.glass":13,"stat.craftItem.minecraft.cauldron":2,"stat.sleepInBed":29,"stat.craftItem.minecraft.bowl":28,"stat.pickup.actuallyadditions.item_canola_seed":1,"stat.killEntity.Cow":62,"stat.killEntity.Pig":11,"stat.walkOneCm":987066,"stat.useItem.quark.custom_chest":1,"stat.craftItem.quark.custom_chest":4,"stat.pickup.mekanism.oreblock":42,"stat.pickup.minecraft.clay_ball":4,"stat.pickup.enderio.item_dark_steel_boots":1,"stat.mineBlock.techreborn.ore":6,"stat.pickup.quark.root_flower":1,"stat.craftItem.mekanismgenerators.generator":1,"stat.pickup.minecraft.stone":7,"stat.mineBlock.thaumcraft.crystal_ignis":16,"stat.killEntity.Skeleton":16,"stat.pickup.ironbackpacks.backpack":2,"stat.pickup.thaumcraft.ore_cinnabar":4,"stat.killEntity.Chicken":3,"stat.craftItem.techreborn.part":19,"stat.killEntity.Spider":5,"stat.mineBlock.minecraft.quartz_ore":9,"stat.useItem.thaumcraft.log_greatwood":6,"stat.killEntity.quark:frog":1,"stat.pickup.minecraft.quartz":8,"stat.craftItem.techreborn.treetap":6,"stat.mineBlock.thaumcraft.hungry_chest":1,"stat.pickup.actuallyadditions.item_pickaxe_crystal_green":2,"stat.craftItem.thaumcraft.infusion_matrix":1,"stat.mineBlock.minecraft.leaves":23,"stat.mineBlock.minecraft.redstone_ore":24,"stat.pickup.minecraft.lava_bucket":6,"stat.drop.minecraft.beef":62,"stat.killEntity.quark:ashen":1,"stat.mineBlock.minecraft.stone":113}