{"stat.drop.minecraft.stone_pickaxe":1,"stat.pickup.minecraft.bone":5,"stat.leaveGame":1,"stat.drop.natura.overworld_seeds":1,"stat.craftItem.tconstruct.edible":20,"stat.mineBlock.minecraft.cobblestone":3,"stat.mineBlock.thaumcraft.ore_quartz":4,"stat.pickup.minecraft.flint":24,"stat.craftItem.botania.petal":2,"stat.craftItem.tconstruct.faucet":2,"stat.craftItem.minecraft.wool":5,"stat.craftItem.tconstruct.slimesling":1,"stat.swimOneCm":54440,"stat.climbOneCm":1112,"stat.useItem.minecraft.planks":9,"stat.craftItem.minecraft.shield":1,"stat.mineBlock.actuallyadditions.block_crystal":1,"stat.mineBlock.minecraft.web":2,"stat.mineBlock.thaumcraft.ore_amber":1,"stat.pickup.minecraft.cooked_porkchop":2,"stat.pickup.minecraft.porkchop":47,"stat.mineBlock.quark.roots":2,"stat.useItem.minecraft.dirt":1,"stat.useItem.minecraft.stone_slab2":60,"stat.useItem.minecraft.water_bucket":20,"stat.pickup.minecraft.rotten_flesh":4,"stat.pickup.minecraft.sand":207,"stat.craftItem.minecraft.furnace":4,"stat.useItem.enderio.item_dark_steel_sword":49,"stat.pickup.thermalfoundation.ore":180,"stat.craftItem.minecraft.stone_axe":1,"stat.mineBlock.sgextraparts.rock":1,"stat.craftItem.minecraft.stone_pickaxe":1,"stat.craftItem.minecraft.cooked_beef":3,"stat.killEntity.Enderman":3,"stat.pickup.minecraft.cobblestone":166,"stat.craftItem.tconstruct.casting":2,"stat.mineBlock.minecraft.clay":59,"stat.useItem.minecraft.stone_shovel":72,"stat.pickup.enderio.item_broken_spawner":1,"stat.craftItem.minecraft.stone_sword":1,"stat.flyOneCm":1135087,"stat.craftItem.minecraft.iron_shovel":3,"stat.pickup.minecraft.glass_bottle":2,"stat.mineBlock.minecraft.sand":208,"stat.killEntity.Witch":1,"stat.useItem.minecraft.cooked_beef":3,"stat.pickup.quark.tallow":38,"stat.pickup.minecraft.redstone":47,"stat.mineBlock.minecraft.iron_ore":146,"stat.timeSinceDeath":2875,"stat.useItem.minecraft.iron_pickaxe":654,"stat.craftItem.minecraft.wooden_pickaxe":1,"stat.pickup.minecraft.mutton":14,"stat.useItem.minecraft.iron_shovel":357,"stat.craftItem.minecraft.iron_block":4,"stat.pickup.actuallyadditions.block_crystal":1,"stat.mineBlock.chisel.marble2":3,"stat.craftItem.tconstruct.seared":51,"stat.mineBlock.thermalfoundation.ore":178,"stat.furnaceInteraction":132,"stat.drop.minecraft.dirt":9,"stat.useItem.minecraft.cooked_porkchop":13,"stat.mineBlock.botania.flower":8,"stat.killEntity.ZombieVillager":1,"stat.mineBlock.minecraft.coal_ore":129,"stat.killEntity.Creeper":1,"stat.talkedToVillager":3,"stat.pickup.extrautils2.ingredients":1,"stat.pickup.actuallyadditions.item_solidified_experience":15,"stat.craftItem.tconstruct.soil":258,"stat.craftItem.thermalfoundation.material":134,"stat.pickup.minecraft.string":23,"stat.pickup.minecraft.beef":68,"stat.pickup.minecraft.furnace":8,"stat.craftItem.tconstruct.slime_boots":1,"stat.craftItem.minecraft.stone_slab2":0,"stat.pickup.actuallyadditions.block_tiny_torch":1,"stat.pickup.sgextraparts.genericitem":3,"stat.killEntity.Squid":1,"stat.craftItem.tconstruct.tooltables":5,"stat.sprintOneCm":167834,"stat.pickup.actuallyadditions.item_misc":3,"stat.pickup.minecraft.skull":1,"stat.pickup.immersiveengineering.tool":1,"stat.craftItem.minecraft.stick":40,"stat.mineBlock.mekanism.oreblock":72,"stat.pickup.thaumcraft.crystal_essence":7,"stat.mineBlock.minecraft.crafting_table":12,"stat.mineBlock.astralsorcery.blockmarble":41,"stat.pickup.techreborn.gem":2,"stat.pickup.thaumcraft.nugget":3,"stat.pickup.botania.flower":1,"stat.mineBlock.minecraft.planks":3,"stat.deaths":1,"stat.useItem.tconstruct.smeltery_io":1,"stat.drop":8,"stat.playOneMinute":142676,"stat.killEntity.Sheep":10,"stat.useItem.tconstruct.seared":45,"stat.craftItem.minecraft.iron_pickaxe":3,"stat.mineBlock.actuallyadditions.block_wild":1,"stat.pickup.astralsorcery.blockmarblestairs":3,"stat.pickup.natura.overworld_seeds":1,"stat.killEntity.Zombie":9,"stat.mineBlock.silentgems.glowrose":2,"stat.pickup.chisel.marble2":3,"stat.mineBlock.minecraft.tallgrass":9,"stat.diveOneCm":61095,"stat.pickup.tconstruct.seared":2,"stat.chestOpened":62,"stat.pickup.tconstruct.tooltables":4,"stat.mineBlock.astralsorcery.blockmarblestairs":3,"stat.craftItem.ironbackpacks.backpack":5,"stat.mineBlock.botania.doubleflower2":1,"stat.drop.minecraft.wooden_pickaxe":1,"stat.pickup.minecraft.gravel":134,"stat.pickup.minecraft.arrow":11,"stat.craftItem.minecraft.cooked_porkchop":44,"stat.useItem.minecraft.apple":1,"stat.useItem.minecraft.porkchop":1,"stat.jump":2125,"stat.useItem.minecraft.sand":55,"stat.pickup.minecraft.coal":211,"stat.pickup.minecraft.iron_ingot":7,"stat.fallOneCm":35620,"stat.pickup.minecraft.carrot":10,"stat.useItem.minecraft.stone_axe":77,"stat.pickup.minecraft.gunpowder":2,"stat.crouchOneCm":37507,"stat.craftItem.tconstruct.toolforge":1,"stat.pickup.minecraft.spider_eye":4,"stat.craftItem.minecraft.iron_ingot":106,"stat.craftItem.minecraft.chest":10,"stat.pickup.minecraft.dirt":27,"stat.craftingTableInteraction":58,"stat.pickup.minecraft.iron_ore":186,"stat.pickup.tconstruct.slime_congealed":17,"stat.drop.thermalfoundation.ore":3,"stat.pickup.techreborn.ore":14,"stat.boatOneCm":2145,"stat.useItem.minecraft.sapling":7,"stat.pickup.silentgems.glowrose":3,"stat.mineBlock.silentgems.gemore":3,"stat.mineBlock.tconstruct.tooltables":4,"stat.craftItem.tconstruct.pattern":12,"stat.pickup.minecraft.wooden_pickaxe":1,"stat.useItem.chisel.marble2":2,"stat.damageTaken":1579,"stat.pickup.minecraft.leather":41,"stat.pickup.minecraft.feather":2,"stat.mineBlock.minecraft.furnace":8,"stat.useItem.minecraft.wooden_pickaxe":13,"stat.useItem.minecraft.furnace":5,"stat.craftItem.tconstruct.materials":258,"stat.pickup.minecraft.dye":2,"stat.pickup.minecraft.planks":4,"stat.pickup.minecraft.wheat_seeds":2,"stat.useItem.immersiveengineering.sword_steel":130,"stat.pickup.tconstruct.materials":1,"stat.mineBlock.minecraft.gravel":160,"stat.useItem.minecraft.stone_pickaxe":111,"stat.craftItem.tconstruct.seared_tank":1,"stat.useItem.minecraft.stone_sword":77,"stat.craftItem.minecraft.iron_leggings":1,"stat.pickup.silentgems.soulgem":8,"stat.damageDealt":14513,"stat.craftItem.minecraft.glass":9,"stat.killEntity.Cow":32,"stat.mineBlock.minecraft.dirt":15,"stat.killEntity.Pig":21,"stat.craftItem.minecraft.stone_shovel":1,"stat.walkOneCm":328539,"stat.useItem.minecraft.chest":1,"stat.craftItem.tconstruct.smeltery_io":2,"stat.pickup.minecraft.stick":7,"stat.pickup.minecraft.crafting_table":13,"stat.useItem.minecraft.log":1,"stat.pickup.mekanism.oreblock":72,"stat.pickup.minecraft.clay_ball":244,"stat.useItem.minecraft.cobblestone":31,"stat.craftItem.minecraft.crafting_table":5,"stat.craftItem.minecraft.boat":1,"stat.craftItem.botania.flowerbag":1,"stat.pickup.minecraft.log":48,"stat.useItem.tconstruct.faucet":1,"stat.mineBlock.techreborn.ore":16,"stat.useItem.actuallyadditions.item_jam":1,"stat.pickup.minecraft.stone":2,"stat.pickup.minecraft.web":2,"stat.craftItem.minecraft.iron_chestplate":1,"stat.pickup.minecraft.chicken":2,"stat.mineBlock.minecraft.wool":3,"stat.pickup.minecraft.ender_pearl":3,"stat.pickup.minecraft.sapling":13,"stat.pickup.minecraft.apple":1,"stat.craftItem.tconstruct.smeltery_controller":1,"stat.killEntity.Skeleton":9,"stat.craftItem.minecraft.bucket":3,"stat.pickup.silentgems.gem":2,"stat.craftItem.minecraft.planks":148,"stat.killEntity.Chicken":2,"stat.killEntity.Spider":17,"stat.pickup.astralsorcery.itemcraftingcomponent":7,"stat.mobKills":107,"stat.pickup.minecraft.book":42,"stat.mineBlock.minecraft.log":48,"stat.mineBlock.minecraft.bookshelf":14,"stat.pickup.minecraft.quartz":4,"stat.useItem.minecraft.boat":1,"stat.mineBlock.minecraft.leaves":12,"stat.pickup.minecraft.red_flower":1,"stat.mineBlock.tconstruct.seared":2,"stat.mineBlock.minecraft.redstone_ore":10,"stat.sneakTime":12029,"stat.pickup.thaumcraft.amber":1,"stat.pickup.minecraft.wool":15,"stat.pickup.astralsorcery.blockmarble":33,"stat.mineBlock.astralsorcery.blockcustomsandore":3,"stat.mineBlock.minecraft.stone":153}