{"stat.pickup.minecraft.bone":3,"stat.useItem.minecraft.iron_axe":15,"stat.drop.natura.overworld_seeds":2,"stat.craftItem.tconstruct.edible":4,"stat.mineBlock.minecraft.cobblestone":21,"stat.pickup.silentgems.guide_book":1,"stat.pickup.minecraft.flint":3,"stat.craftItem.minecraft.iron_axe":1,"stat.craftItem.thaumcraft.table_wood":1,"stat.pickup.tconstruct.edible":11,"stat.mineBlock.minecraft.sandstone":1,"stat.craftItem.tconstruct.slimesling":1,"stat.swimOneCm":49186,"stat.climbOneCm":878,"stat.useItem.minecraft.planks":102,"stat.mineBlock.minecraft.web":2,"stat.mineBlock.thaumcraft.ore_amber":2,"stat.pickup.minecraft.cooked_porkchop":4,"stat.drop.minecraft.feather":1,"stat.drop.minecraft.bowl":4,"stat.pickup.minecraft.porkchop":15,"stat.mineBlock.quark.roots":1,"stat.craftItem.thaumcraft.scribing_tools":1,"stat.useItem.minecraft.dirt":2,"stat.mineBlock.actuallyadditions.block_crystal_cluster_lapis":1,"stat.useItem.minecraft.stone_slab2":54,"stat.useItem.minecraft.water_bucket":16,"stat.pickup.minecraft.rotten_flesh":14,"stat.pickup.minecraft.sand":9,"stat.craftItem.minecraft.furnace":2,"stat.useItem.enderio.item_dark_steel_sword":6,"stat.pickup.thermalfoundation.ore":41,"stat.entityKilledBy.Spider":1,"stat.useItem.minecraft.egg":7,"stat.pickup.natura.materials":1,"stat.craftItem.minecraft.stone_axe":2,"stat.drop.silentgems.glowrose":1,"stat.craftItem.minecraft.stone_pickaxe":1,"stat.pickup.minecraft.cobblestone":115,"stat.drop.silentgems.soulgem":3,"stat.mineBlock.minecraft.clay":1,"stat.mineBlock.chisel.limestone2":1,"stat.craftItem.minecraft.stone_sword":1,"stat.flyOneCm":1393824,"stat.pickup.minecraft.sandstone":1,"stat.mineBlock.minecraft.sand":9,"stat.drop.minecraft.wheat_seeds":1,"stat.craftItem.minecraft.wooden_slab":6,"stat.drop.tombmanygraves.death_list":2,"stat.mineBlock.quark.andesite_speleothem":1,"stat.pickup.quark.tallow":26,"stat.pickup.minecraft.redstone":65,"stat.mineBlock.minecraft.iron_ore":152,"stat.craftItem.minecraft.book":3,"stat.timeSinceDeath":131965,"stat.drop.minecraft.log":1,"stat.useItem.minecraft.iron_pickaxe":509,"stat.pickup.thaumcraft.arcane_workbench":1,"stat.craftItem.minecraft.wooden_pickaxe":1,"stat.pickup.minecraft.mutton":22,"stat.killEntity.Bat":1,"stat.craftItem.minecraft.bed":1,"stat.craftItem.minecraft.glass_pane":16,"stat.mineBlock.chisel.marble2":1,"stat.mineBlock.thermalfoundation.ore":42,"stat.furnaceInteraction":26,"stat.drop.minecraft.gravel":15,"stat.drop.minecraft.dirt":18,"stat.useItem.minecraft.cooked_porkchop":15,"stat.mineBlock.minecraft.coal_ore":140,"stat.killEntity.Creeper":5,"stat.talkedToVillager":3,"stat.pickup.extrautils2.ingredients":1,"stat.pickup.actuallyadditions.item_solidified_experience":14,"stat.pickup.minecraft.string":10,"stat.pickup.minecraft.beef":39,"stat.pickup.minecraft.furnace":3,"stat.useItem.minecraft.cooked_mutton":2,"stat.craftItem.tconstruct.slime_boots":1,"stat.craftItem.minecraft.stone_slab2":0,"stat.useItem.minecraft.written_book":1,"stat.killEntity.Squid":2,"stat.sprintOneCm":398542,"stat.pickup.actuallyadditions.item_misc":2,"stat.pickup.minecraft.paper":12,"stat.drop.silentgems.guide_book":1,"stat.pickup.minecraft.skull":1,"stat.craftItem.minecraft.stick":40,"stat.mineBlock.mekanism.oreblock":36,"stat.mineBlock.minecraft.diamond_ore":9,"stat.pickup.thaumcraft.crystal_essence":391,"stat.mineBlock.minecraft.crafting_table":12,"stat.mineBlock.astralsorcery.blockmarble":15,"stat.pickup.techreborn.gem":2,"stat.pickup.thaumcraft.nugget":1,"stat.useItem.minecraft.carrot":1,"stat.entityKilledBy.Creeper":1,"stat.useItem.minecraft.beef":4,"stat.deaths":2,"stat.drop":28,"stat.pickup.minecraft.egg":7,"stat.mineBlock.thaumcraft.crystal_aqua":26,"stat.playOneMinute":143045,"stat.drop.minecraft.string":5,"stat.killEntity.Sheep":14,"stat.craftItem.minecraft.iron_pickaxe":3,"stat.pickup.natura.overworld_seeds":2,"stat.killEntity.Zombie":16,"stat.mineBlock.minecraft.gold_ore":21,"stat.pickup.chisel.marble2":1,"stat.mineBlock.minecraft.tallgrass":28,"stat.craftItem.minecraft.cooked_mutton":22,"stat.diveOneCm":66993,"stat.chestOpened":6,"stat.craftItem.ironbackpacks.backpack":2,"stat.pickup.botania.mushroom":3,"stat.drop.minecraft.wooden_pickaxe":1,"stat.pickup.minecraft.gravel":40,"stat.pickup.minecraft.arrow":8,"stat.craftItem.minecraft.cooked_porkchop":11,"stat.useItem.quark.frog_leg":1,"stat.craftItem.thaumcraft.salis_mundus":2,"stat.mineBlock.tconstruct.slime_leaves":5,"stat.useItem.minecraft.apple":2,"stat.mineBlock.quark.roots_black_flower":1,"stat.jump":2834,"stat.pickup.minecraft.coal":172,"stat.fallOneCm":33231,"stat.pickup.minecraft.iron_ingot":4,"stat.pickup.minecraft.carrot":46,"stat.useItem.minecraft.stone_axe":182,"stat.crouchOneCm":64582,"stat.pickup.minecraft.spider_eye":1,"stat.craftItem.minecraft.iron_ingot":46,"stat.craftItem.minecraft.torch":84,"stat.pickup.minecraft.dirt":22,"stat.useItem.quark.root_flower":1,"stat.craftItem.minecraft.iron_helmet":1,"stat.craftingTableInteraction":19,"stat.pickup.minecraft.iron_ore":153,"stat.pickup.tconstruct.slime_congealed":24,"stat.pickup.techreborn.ore":1,"stat.useItem.minecraft.sapling":17,"stat.pickup.minecraft.gold_ore":21,"stat.mineBlock.minecraft.lapis_ore":8,"stat.pickup.silentgems.glowrose":1,"stat.mineBlock.silentgems.gemore":1,"stat.pickup.minecraft.leather":18,"stat.damageTaken":1460,"stat.pickup.minecraft.feather":5,"stat.craftItem.thaumcraft.phial":8,"stat.killEntity.tconstruct.blueslime":11,"stat.mineBlock.minecraft.furnace":3,"stat.mineBlock.minecraft.torch":8,"stat.useItem.minecraft.wooden_pickaxe":7,"stat.useItem.minecraft.furnace":1,"stat.useItem.minecraft.reeds":6,"stat.mineBlock.minecraft.sapling":1,"stat.pickup.minecraft.dye":49,"stat.pickup.minecraft.reeds":56,"stat.killEntity.CaveSpider":2,"stat.pickup.minecraft.bed":8,"stat.pickup.minecraft.wheat_seeds":1,"stat.pickup.minecraft.potato":24,"stat.mineBlock.minecraft.gravel":28,"stat.useItem.minecraft.stone_pickaxe":141,"stat.useItem.minecraft.stone_sword":130,"stat.craftItem.minecraft.iron_leggings":1,"stat.pickup.silentgems.soulgem":4,"stat.damageDealt":11585,"stat.craftItem.minecraft.glass":9,"stat.sleepInBed":7,"stat.craftItem.minecraft.bowl":12,"stat.killEntity.Cow":20,"stat.mineBlock.minecraft.dirt":16,"stat.killEntity.Pig":11,"stat.walkOneCm":239419,"stat.drop.minecraft.paper":12,"stat.useItem.minecraft.torch":87,"stat.useItem.minecraft.bread":1,"stat.useItem.quark.custom_chest":1,"stat.drop.minecraft.rotten_flesh":12,"stat.craftItem.quark.custom_chest":4,"stat.mineBlock.thaumcraft.arcane_workbench":1,"stat.pickup.minecraft.crafting_table":12,"stat.pickup.mekanism.oreblock":36,"stat.pickup.minecraft.clay_ball":4,"stat.useItem.minecraft.cobblestone":40,"stat.craftItem.minecraft.crafting_table":2,"stat.pickup.natura.overworld_berrybush_raspberry":1,"stat.useItem.minecraft.gravel":8,"stat.mineBlock.thaumcraft.crystal_aer":15,"stat.pickup.minecraft.log":64,"stat.mineBlock.natura.overworld_berrybush_raspberry":1,"stat.mineBlock.techreborn.ore":3,"stat.pickup.quark.root_flower":1,"stat.mineBlock.thaumcraft.crystal_terra":31,"stat.craftItem.minecraft.gold_ingot":10,"stat.pickup.minecraft.web":3,"stat.drop.minecraft.planks":1,"stat.pickup.minecraft.stone":1,"stat.drop.minecraft.sapling":5,"stat.craftItem.minecraft.iron_chestplate":1,"stat.craftItem.quark.custom_bookshelf":1,"stat.pickup.minecraft.sapling":30,"stat.pickup.minecraft.apple":3,"stat.killEntity.Skeleton":4,"stat.craftItem.minecraft.bucket":1,"stat.pickup.silentgems.gem":1,"stat.craftItem.minecraft.planks":192,"stat.killEntity.Chicken":2,"stat.killEntity.Spider":4,"stat.pickup.quark.frog_leg":1,"stat.pickup.quark.root":1,"stat.mobKills":97,"stat.killEntity.quark:frog":1,"stat.mineBlock.minecraft.log":63,"stat.craftItem.minecraft.sugar":1,"stat.pickup.minecraft.diamond":9,"stat.mineBlock.minecraft.leaves":17,"stat.craftItem.minecraft.paper":45,"stat.pickup.minecraft.torch":14,"stat.pickup.thaumcraft.brain":2,"stat.mineBlock.minecraft.redstone_ore":15,"stat.pickup.thaumcraft.amber":2,"stat.sneakTime":21190,"stat.pickup.minecraft.wool":14,"stat.mineBlock.thaumcraft.crystal_perditio":10,"stat.pickup.astralsorcery.blockmarble":3,"stat.pickup.thaumcraft.thaumonomicon":1,"stat.killEntity.quark:ashen":1,"stat.mineBlock.minecraft.stone":77}